<?xml version="1.0" encoding="UTF-8"?>
<!-- Copyright 2023 Jakub Melka -->
<component type="desktop-application">
  <id>io.github.JakubMelka.Pdf4qt</id>
  <metadata_license>CC0-1.0</metadata_license>
  <project_license>LGPL-3.0-only</project_license>
  <name>PDF4QT</name>
  <summary>Open Source PDF Editor</summary>
  <description>
    <p>
      Unleash the power of PDF4QT: Your go-to open source PDF editor. Beyond its capabilities in encryption, optimization, advanced annotations, editing, and signing, PDF4QT offers an extensive range of features to enhance your PDF experience. With intuitive PDF viewing/editing applications and a handy command-line tool, PDF4QT streamlines your PDF interactions. Discover its vast potential today.
    </p>
  </description>
  <categories>
    <category>Office</category>
    <category>Utility</category>
  </categories>
  <developer_name>Jakub Melka</developer_name>
  <url type="homepage">https://jakubmelka.github.io/</url>
  <url type="bugtracker">https://github.com/JakubMelka/PDF4QT/issues</url>
  <url type="help">https://github.com/JakubMelka/PDF4QT/discussions</url>
  <update_contact>Mgr.Jakub.Melka_AT_gmail.com</update_contact>
  <content_rating type="oars-1.1"/>
  <launchable type="desktop-id">io.github.JakubMelka.Pdf4qt.desktop</launchable>
  <releases>
    <release version="1.3.5" date="2023-09-08"/>
    <release version="1.3.4" date="2023-08-03"/>
    <release version="1.3.3" date="2023-04-22"/>
    <release version="1.3.2" date="2023-02-01"/>
    <release version="1.3.1" date="2022-12-28"/>
    <release version="1.3.0" date="2022-12-25"/>
    <release version="1.2.1" date="2022-06-30"/>
    <release version="1.2.0" date="2022-06-05"/>
    <release version="1.1.0" date="2021-12-19"/>
    <release version="1.0.0" date="2021-09-19"/>
  </releases>
  <requires>
    <internet>offline-only</internet>
  </requires>
  <screenshots>
    <screenshot><caption>Browse PDF files easily and efficiently</caption>https://jakubmelka.github.io/assets/flatpak/profi-default.png</screenshot>
    <screenshot><caption>Utilize the 'magnifying glass' feature to zoom in on specific sections of the page</caption>https://jakubmelka.github.io/assets/flatpak/profi-magnifier.png</screenshot>
    <screenshot><caption>Display statistics for various content types within the PDF file</caption>https://jakubmelka.github.io/assets/flatpak/profi-object-statistics.png</screenshot>
    <screenshot><caption>View the document details</caption>https://jakubmelka.github.io/assets/flatpak/profi-properties.png</screenshot>
    <screenshot><caption>List of add-ons available for the PDF editor</caption>https://jakubmelka.github.io/assets/flatpak/profi-addons.png</screenshot>
  </screenshots>
</component>
